{"frames": [

{
	"filename": "brick",
	"frame": {"x":0,"y":0,"w":9,"h":5},
	"rotated": false,
	"trimmed": false,
	"spriteSourceSize": {"x":0,"y":0,"w":9,"h":5},
	"sourceSize": {"w":9,"h":5}
},
{
	"filename": "flag",
	"frame": {"x":0,"y":5,"w":16,"h":16},
	"rotated": false,
	"trimmed": false,
	"spriteSourceSize": {"x":0,"y":0,"w":16,"h":16},
	"sourceSize": {"w":16,"h":16}
},
{
	"filename": "mario/bend",
	"frame": {"x":0,"y":21,"w":16,"h":32},
	"rotated": false,
	"trimmed": false,
	"spriteSourceSize": {"x":0,"y":0,"w":16,"h":32},
	"sourceSize": {"w":16,"h":32}
},
{
	"filename": "mario/climb1",
	"frame": {"x":0,"y":53,"w":16,"h":16},
	"rotated": false,
	"trimmed": false,
	"spriteSourceSize": {"x":0,"y":0,"w":16,"h":16},
	"sourceSize": {"w":16,"h":16}
},
{
	"filename": "mario/climb1Super",
	"frame": {"x":0,"y":69,"w":16,"h":32},
	"rotated": false,
	"trimmed": false,
	"spriteSourceSize": {"x":0,"y":0,"w":16,"h":32},
	"sourceSize": {"w":16,"h":32}
},
{
	"filename": "mario/climb2",
	"frame": {"x":0,"y":101,"w":16,"h":16},
	"rotated": false,
	"trimmed": false,
	"spriteSourceSize": {"x":0,"y":0,"w":16,"h":16},
	"sourceSize": {"w":16,"h":16}
},
{
	"filename": "mario/climbSuper2",
	"frame": {"x":0,"y":117,"w":16,"h":32},
	"rotated": false,
	"trimmed": false,
	"spriteSourceSize": {"x":0,"y":0,"w":16,"h":32},
	"sourceSize": {"w":16,"h":32}
},
{
	"filename": "mario/dead",
	"frame": {"x":0,"y":149,"w":16,"h":16},
	"rotated": false,
	"trimmed": false,
	"spriteSourceSize": {"x":0,"y":0,"w":16,"h":16},
	"sourceSize": {"w":16,"h":16}
},
{
	"filename": "mario/fire",
	"frame": {"x":0,"y":165,"w":16,"h":32},
	"rotated": false,
	"trimmed": false,
	"spriteSourceSize": {"x":0,"y":0,"w":16,"h":32},
	"sourceSize": {"w":16,"h":32}
},
{
	"filename": "mario/half",
	"frame": {"x":0,"y":197,"w":16,"h":32},
	"rotated": false,
	"trimmed": false,
	"spriteSourceSize": {"x":0,"y":0,"w":16,"h":32},
	"sourceSize": {"w":16,"h":32}
},
{
	"filename": "mario/jump",
	"frame": {"x":0,"y":229,"w":16,"h":16},
	"rotated": false,
	"trimmed": false,
	"spriteSourceSize": {"x":0,"y":0,"w":16,"h":16},
	"sourceSize": {"w":16,"h":16}
},
{
	"filename": "mario/jumpSuper",
	"frame": {"x":0,"y":245,"w":16,"h":32},
	"rotated": false,
	"trimmed": false,
	"spriteSourceSize": {"x":0,"y":0,"w":16,"h":32},
	"sourceSize": {"w":16,"h":32}
},
{
	"filename": "mario/stand",
	"frame": {"x":0,"y":277,"w":16,"h":16},
	"rotated": false,
	"trimmed": false,
	"spriteSourceSize": {"x":0,"y":0,"w":16,"h":16},
	"sourceSize": {"w":16,"h":16}
},
{
	"filename": "mario/standSuper",
	"frame": {"x":0,"y":293,"w":16,"h":32},
	"rotated": false,
	"trimmed": false,
	"spriteSourceSize": {"x":0,"y":0,"w":16,"h":32},
	"sourceSize": {"w":16,"h":32}
},
{
	"filename": "mario/swim1",
	"frame": {"x":0,"y":325,"w":16,"h":16},
	"rotated": false,
	"trimmed": false,
	"spriteSourceSize": {"x":0,"y":0,"w":16,"h":16},
	"sourceSize": {"w":16,"h":16}
},
{
	"filename": "mario/swim2",
	"frame": {"x":0,"y":341,"w":16,"h":16},
	"rotated": false,
	"trimmed": false,
	"spriteSourceSize": {"x":0,"y":0,"w":16,"h":16},
	"sourceSize": {"w":16,"h":16}
},
{
	"filename": "mario/swim3",
	"frame": {"x":0,"y":357,"w":16,"h":16},
	"rotated": false,
	"trimmed": false,
	"spriteSourceSize": {"x":0,"y":0,"w":16,"h":16},
	"sourceSize": {"w":16,"h":16}
},
{
	"filename": "mario/swim4",
	"frame": {"x":0,"y":373,"w":16,"h":16},
	"rotated": false,
	"trimmed": false,
	"spriteSourceSize": {"x":0,"y":0,"w":16,"h":16},
	"sourceSize": {"w":16,"h":16}
},
{
	"filename": "mario/swim5",
	"frame": {"x":0,"y":389,"w":16,"h":16},
	"rotated": false,
	"trimmed": false,
	"spriteSourceSize": {"x":0,"y":0,"w":16,"h":16},
	"sourceSize": {"w":16,"h":16}
},
{
	"filename": "mario/swimSuper1",
	"frame": {"x":0,"y":405,"w":16,"h":32},
	"rotated": false,
	"trimmed": false,
	"spriteSourceSize": {"x":0,"y":0,"w":16,"h":32},
	"sourceSize": {"w":16,"h":32}
},
{
	"filename": "mario/swimSuper2",
	"frame": {"x":0,"y":437,"w":16,"h":32},
	"rotated": false,
	"trimmed": false,
	"spriteSourceSize": {"x":0,"y":0,"w":16,"h":32},
	"sourceSize": {"w":16,"h":32}
},
{
	"filename": "mario/swimSuper3",
	"frame": {"x":0,"y":469,"w":16,"h":32},
	"rotated": false,
	"trimmed": false,
	"spriteSourceSize": {"x":0,"y":0,"w":16,"h":32},
	"sourceSize": {"w":16,"h":32}
},
{
	"filename": "mario/swimSuper4",
	"frame": {"x":0,"y":501,"w":16,"h":32},
	"rotated": false,
	"trimmed": false,
	"spriteSourceSize": {"x":0,"y":0,"w":16,"h":32},
	"sourceSize": {"w":16,"h":32}
},
{
	"filename": "mario/swimSuper5",
	"frame": {"x":0,"y":533,"w":16,"h":32},
	"rotated": false,
	"trimmed": false,
	"spriteSourceSize": {"x":0,"y":0,"w":16,"h":32},
	"sourceSize": {"w":16,"h":32}
},
{
	"filename": "mario/swimSuper6",
	"frame": {"x":0,"y":565,"w":16,"h":32},
	"rotated": false,
	"trimmed": false,
	"spriteSourceSize": {"x":0,"y":0,"w":16,"h":32},
	"sourceSize": {"w":16,"h":32}
},
{
	"filename": "mario/turn",
	"frame": {"x":0,"y":597,"w":16,"h":16},
	"rotated": false,
	"trimmed": false,
	"spriteSourceSize": {"x":0,"y":0,"w":16,"h":16},
	"sourceSize": {"w":16,"h":16}
},
{
	"filename": "mario/turnSuper",
	"frame": {"x":0,"y":613,"w":16,"h":32},
	"rotated": false,
	"trimmed": false,
	"spriteSourceSize": {"x":0,"y":0,"w":16,"h":32},
	"sourceSize": {"w":16,"h":32}
},
{
	"filename": "mario/walk1",
	"frame": {"x":0,"y":645,"w":16,"h":16},
	"rotated": false,
	"trimmed": false,
	"spriteSourceSize": {"x":0,"y":0,"w":16,"h":16},
	"sourceSize": {"w":16,"h":16}
},
{
	"filename": "mario/walk2",
	"frame": {"x":0,"y":661,"w":16,"h":16},
	"rotated": false,
	"trimmed": false,
	"spriteSourceSize": {"x":0,"y":0,"w":16,"h":16},
	"sourceSize": {"w":16,"h":16}
},
{
	"filename": "mario/walk3",
	"frame": {"x":0,"y":677,"w":16,"h":16},
	"rotated": false,
	"trimmed": false,
	"spriteSourceSize": {"x":0,"y":0,"w":16,"h":16},
	"sourceSize": {"w":16,"h":16}
},
{
	"filename": "mario/walkSuper1",
	"frame": {"x":0,"y":693,"w":16,"h":32},
	"rotated": false,
	"trimmed": false,
	"spriteSourceSize": {"x":0,"y":0,"w":16,"h":32},
	"sourceSize": {"w":16,"h":32}
},
{
	"filename": "mario/walkSuper2",
	"frame": {"x":0,"y":725,"w":16,"h":32},
	"rotated": false,
	"trimmed": false,
	"spriteSourceSize": {"x":0,"y":0,"w":16,"h":32},
	"sourceSize": {"w":16,"h":32}
},
{
	"filename": "mario/walkSuper3",
	"frame": {"x":0,"y":757,"w":16,"h":32},
	"rotated": false,
	"trimmed": false,
	"spriteSourceSize": {"x":0,"y":0,"w":16,"h":32},
	"sourceSize": {"w":16,"h":32}
},
{
	"filename": "turtle/shell",
	"frame": {"x":0,"y":789,"w":16,"h":24},
	"rotated": false,
	"trimmed": false,
	"spriteSourceSize": {"x":0,"y":0,"w":16,"h":24},
	"sourceSize": {"w":16,"h":24}
},
{
	"filename": "turtle/turtle0",
	"frame": {"x":0,"y":813,"w":16,"h":24},
	"rotated": false,
	"trimmed": false,
	"spriteSourceSize": {"x":0,"y":0,"w":16,"h":24},
	"sourceSize": {"w":16,"h":24}
},
{
	"filename": "turtle/turtle1",
	"frame": {"x":0,"y":837,"w":16,"h":24},
	"rotated": false,
	"trimmed": false,
	"spriteSourceSize": {"x":0,"y":0,"w":16,"h":24},
	"sourceSize": {"w":16,"h":24}
}],
"meta": {
	"app": "http://www.codeandweb.com/texturepacker",
	"version": "1.0",
	"image": "mario-sprites.png",
	"format": "RGBA8888",
	"size": {"w":16,"h":861},
	"scale": "1",
	"smartupdate": "$TexturePacker:SmartUpdate:f00a8ecbf2d04d70deec0a95f716e8cb:da7c41ddc8a557435ce0a49db46952be:4f58bece13d73f4757a743d8358f7b7b$"
}
}
